star_rating,review_body,target
5,As described.,2
5,It works as advertising.,2
5,Works pissa,2
1,Did not work at all.,0
5,Works well. Bass is somewhat lacking but is present. Overall pleased with the item.,2
5,The quality on these speakers is insanely good and doesn't sound muddy when adjusting bass. Very happy with these.,2
5,Wish I could give this product more than five stars. Lifesaver.,2
5,works great,2
4,Great sound and compact. Battery life seems good. Happy with this product.,2
4,It works well~~~,2
5,Alll good,2
5,Love clock radio & CD player.  Easy to operate.,2
1,"Breaks very easily, and takes a while to load music",0
5,Excellent gain in radio frequency reception over the stock antenna that came with the radio.,2
5,everything I expected for a great price,2
5,"Love this small speaker with loud volume, great for the beach",2
5,works as advertised.... nothing else to really say about it,2
5,very good especially for notebooks with micro hdmi and you want to connect it to a computer screen,2
2,It does not copy CD-R s to USB as advertised. My CD's were recorded on a Sony machine and properly finalized. They copy on other machines.<br />It repeatedly shows &#34;copy protected wait&#34;.<br />None of my CD-R s are copy protected. I do want a machine that will copy my CD-R collection to USB.,0
2,"Did not last long,  Stop working within a year.",0
5,"Can't get any simpler that this.  And it works just about anywhere you can find a flat lip or side panel.  Ideally the lip should be at least 1 3/8&#34; for best stability, but I got it to hold decently well on the short lip of my desk top, which is just 3/4&#34;.<br /><br />Because the front hanger piece can be adjusted to hang parallel or perpendicular, (or any angle in between), to the clamping surface, I was able to get the firmest grip on the side of a bookcase.  My best idea, and where I use it now, is attached to the arm of my executive style office chair, near where it meets the chair back.  I don't knock it with my arm or elbow as I raise/lower/turn in my chair.  It is really a nifty place to stow the headphones--within easy reach, but not a cumbersome location either.<br /><br />It is well-constructed with  good layer of powder coating on the metal.  Hardware looks to be top quality, too.<br /><br />*I received a sample product from Brainwavz.",2
4,"Wish I could tilt it more up & down, but it works fine especially considering the price. Great price, great product. we're going to buy another one for our upstairs TV.",2
4,"Good product, but took a week to receive.",2
5,"Makes a difference right out of the box. I have 4 mini usb's. One apple old<br />and one apple new style. I plugged this in and keep it hidden away with all<br />of my bluetooth speakers, headphones etc. Fantastic way to keep things<br />charged .....QUICKLY.. and out of place and organized. I like it first for making<br />me organize everything in place ..even though the super fast charge is a<br />definite plus. Comes with sticky tape to hold into place ...so it doesn't move<br />around on shelf. Very happy with purchase.",2
5,"great product, great service.",2
4,Great little device if you need to convert micro and mini HDMI to full hdmi and down want to buy new cables.<br />So far mine has been working great.<br />Its small in size so its easy to carry with your computer or tablet.<br />It carries audio like all HDMI cables.,2
3,"Excellent sound. Good price. Ear pads are less expensive and non-breathable plastic and not very durable and they're somewhat uncomfortable when wearing over 1/2 hour at a sitting.<br /><br />These Sony headphones are comfortable and will last longer, but I think the sound of the monoprice headphones is slightly better. As grandpa said, &#34;You pays your money and you takes your choice.&#34;*  [[ASIN:B000092YPR Sony MDR-V150 Monitor Series Headphones]]<br /><br />1846 Punch, &#34;The Ministerial Crisis&#34;<br />1884 Huckleberry Finn (Mark Twain)<br /><br />*Thanks to the New York Times<br />ON LANGUAGE; You Pays Yer Money<br />By WILLIAM SAFIRE<br />Published: February 28, 1988",1
5,Great Energy Level VI travel charger! Very compact and fast charging. It is the most convenient product I never seen before ! I like it. I am very happy with this seller . Order packed very well and ship fast .Great energy level VI slimmest travel charger . Courteous service !,2
5,Great space saving solution for consolidating all your DVDs!,2
5,This is less expensive than replacing the battery back up and also the battery fit fine.,2
5,"Works great, I wound up pairing this with a Sonos Connect, so I didn't have to but the Connect.Amp.  Puts out enough sound and works amazingly.",2
5,"Excellent product, performs as advertised.  Receive, read instructions, connect to your audio system with included cables, sync to your Bluetooth device (iPhone 4S), play music, enjoy!  Thank you, enough said.",2
5,Excelent purchase.  I recomendm it.,2
5,Great quality for the price.  I believe they will last the entire school year.  They do not look cheezy at all.,2
5,Good looking over the ear headphones that have a surprising deep bass response. I have noticed new bass notes on some of the songs I have been listening to for years. I use them at work to reduce the surrounding noise. A great value.,2
5,"Appears to work just great. Used it to connect my LG 55LB6100 TV (which only had digital optical out and poor speakers in the TV), to my Onkyo 8255 receiver (RCA inputs).  I connected the FiiO USB power connect into one of the USB ports on the TV so it only powers on when the TV is on; hopefully this will help with issues I read in other reviews with it dying early from being left on and overheating.",2
5,"Works great in Charlotte, NC. Received all the major networks crystal clear. Highly recommend :)",2
5,This case is perfect for my Symphonized NRG Premium Headphones. It's small and the colors match the headphones perfectly,2
1,We bought this for my daughter for her birthday in July.  She turned 13.  She played it 3 times with the new albums she got for her birthday.  She went to listen to some more new albums she bought and it didn't work.  The turntable would not turn!!!  I went to replace this item and I was literally 5 days from the last chance date that I had to return this item.  Not happy at all.  Now she is upset!!!,0
5,works as expected; well made cable.,2
5,Best price and fast shipping. Great speaker. Very portable - nice to carry around. Try it - You'll like it!!,2
5,"Great pair of headphones for the price. If you've ever taken an overnight flight and had trouble sleeping because of the ambient noise, it's amazing what a little noise reduction can do. You can use these headphones without even plugging them in, just for the noise reduction. On the other hand, they sound pretty good as well. I found these phones comfortable enough to wear for several hours straight. All in all, a good investment in peace and quiet!",2
1,Did not help my problem.,0
5,Great product.,2
5,Great mounts worked perfectly for my surround sound. ....a must buy,2
5,I LOVE THESE HEADPHONES! I am totally satisfied with the sound and the fact that they stay in my ears! They are great...and I love the color of course. :),2
5,Cheap and good,2
5,"Hard to beat the price. They all seem to work the same and be the same quality, why pay more?",2
5,"Phones were dead prior to replacing them with these new replacement batteries,",2
2,Horrible,0
3,"I've decided to keep the item.  the ezcast is not quite as good as Chromecast with most features, but it's cheaper and has a couple of features that I actually like a little better than Chromecast (actually works with Firefox for HTML 5 video).  Also, the setup goes pretty smoothly which is a plus (maybe even better than Chromecast).  Just how secure it is remains to be seen.  Something tells me that this Chinese company that manufactures it, lets the device be vulnerable to hacking, but we'll see.  The support site for the Windows app is in Chinese as best I can tell, and not conducive to North American customers, but hopefully that gets improved soon.",1
4,Bought these a year ago and being an active traveler they have held up pretty well. Comfortable for long flights and still have 100% noise cancellation,2
5,great products! good buy! works great!,2
5,Love this radio. It alerts the whole family when any form of weather changes. Plus you can have one in each room.,2
5,Fits my tv perfectly,2
5,Enjoy crystal clear clarity sound with this product!  Super great quality! Highly recommended! Would make a perfect gift for anyone or for yourself!!,2
5,Bought these headphones a week ago and I love them. These are the most comfortable headphones I've ever owned. Feels so comfortable even listening for many hours. I own a pair of Audio Technica M50x and these for me are much better. They are much more open and a pleasure to listen to any music. I listen to music mostly on my iPad and have a subscription to Tidal premium musi service right now. The clarity of the music is amazing. These headphones also are a great bargain at $108.99 on Amazon. I'm very happy with my purchase.,2
2,Happy For about 4 weeks using these in the gym. The tips then lost the sponginess and then teared over time. I kept my headphones in a case and yet they wear out when you use them after a few weeks.,0
2,"I am having a hard time getting the nut tight behind the mount for the monitor. It seems tight, but the monitor still pivots left and right way to easy. I also see lots of people complaining whey they tried to get it really tight they broke the mount.  I have used better mounts that are only a few dollars more. Spend a little more and get a decent mount.",0
5,Does the job.,2
1,"Junk - will play MP3, but not WMA, even though the instructions it comes with says it will.  When you try to play WMA, you get &#34;FORMAT ERROR!&#34;.  My wife bought for a birthday present, by the time I opened it, I can no longer return it.  Instructions do not match player, menu, like everyone else said, is not intuitive.  To select something, you push &#34;Menu&#34;, when you would expect to push the button in the middle.  Aggravated with this player AND Amazon!",0
5,Our family loves to go bike riding but i get bored after a while. I got a free trial of these Taco speakers and took them along one time when i rode for a while. Put on my favorite jam and jammed out to the amazing music.,2
5,"Item as described , fast delivery",2
1,"I got these and used them a couple o times to swim. However, a few months after my purchase, I felt that one side was louder than the other. I turned them around and discovered that I'm not the one with a malfunction, but its this gadget somehow looses strength on one side. I bought these to replace my previous Sony Walkman, that suffered from the same malfunction. My conclusion is this: the Sony Walkman NWZW273S does NOT work!",0
1,did not support my xm radio it does not produce 12 v dc more like 8.5 v dc. they also have a no return policy go figure.,0
5,Solid product no complaints.,2
2,"Has great features like iPod dock and USB port, but the sound is so unclear.<br />I am very disappointed",0
5,"[[VIDEOID:3bdd17778455ef097fcffb1d018022b6]] There is a good variance in Bluetooth speakers, from physical design, extras in the box and sound quality. Not all speakers are worth your time and money. This little Cube speaker by iGadgitz is a very interesting speaker; it may be little but it has big sound and it works very well. I did find one potential issue when it comes to the range of operation that I will describe below.<br /><br />This is one of the smallest speakers I have seen and used. In spite of its size, it is a solid and hefty little speaker, weighing more than you'd expect. In my mind this is a good sign: it means that there is more to this little speaker than a cheap little speaker and a sub-par receiver. To be honest I was a little skeptical that it would put out good sound when I first saw this speaker. It has pleasantly surprised me (more on that shortly).<br /><br />This speaker pairs and connects very easily. When it is in discoverable mode it identifies itself as \\""Xquare 2\\"". I had no issue with it pairing to my phone and once connected it remained connected without issue.<br /><br />The range on this speaker is good and I have been able to carry it from the source to a distance between 20' - 30' before it began to stutter or cut out. I have seen speakers that have more range but the majority of them fall into this threshold. Now, that said I need to mention an issue that came up in testing that should be kept in mind. If the speaker is sitting such that the switch and controls are facing down (that is, the control side is on the flat surface where it is sitting) the range is cut very dramatically. With the speaker sitting that way the range dropped to about 6' before it started cutting out. It did not seem to matter if it was the speaker that was moving away from the source or the other way around.<br /><br />I loaded up some music and played it through this speaker and was pleased with the outcome. The speaker has no problem with playing at higher volume, without distortion or \\""washing out\\"". The profile is very good too - the bass is strong and slightly elevated but not overkill, the midrange is very good and the music has depth as a result, and the highs are bright and crisp. For such a small speaker, this one produces better-than-expected sound.<br /><br />This is one of my favorite Bluetooth speakers. It is very small but it has excellent sound and is made very well. The size makes it placeable in areas where other speakers are too bulky to fit. This speaker proves that smaller speakers can have great sound and it's worth its asking price.<br /><br />Disclaimer: I was provided a sample of this product in exchange for a fair, honest and thorough review. Even though I received this product at no cost I have rated and reviewed this product without bias, based solely on my experience with it.er volume, without distortion or \\""washing out\\"". The profile is very good too - the bass is strong and slightly elevated but not overkill, the midrange is very good and the music has depth as a result, and the highs are bright and crisp. For such a small speaker, this one produces better-than-expected sound.<br /><br />This is one of my favorite Bluetooth speakers. It is very small but it has excellent sound and is made very well. The size makes it placeable in areas where other speakers are too bulky to fit. This speaker proves that smaller speakers can have great sound and it's worth its asking price.<br /><br />Disclaimer: I was provided a sample of this product in exchange for a fair, honest and thorough review. Even though I received this product at no cost I have rated and reviewed this product without bias, based solely on my experience with it.",2
5,My son gets 41 channels in Hickory NC. He is well pleased.,2
5,"I bought this as a gift, and the recipient loves it.",2
3,More or less.,1
5,These are like HDMI on steroids.  Very well constructed cables.  Nothing cheap about them and the price was really good too.  I'd buy more of these in a heartbeat,2
3,"well, it is a pain to have a odd charging cable and to also remember how to pair it to another phone.  Keep the instructions around, you will need them",1
5,"So, I wouldn't have purchased this if it were not for my wife, who is infinitely frustrated with my audio setup.<br /><br />I needed something that would sit next to our TV, and be simple to use.  The fact that this has a remote is a nice bonus.  The fact that this can grab my local radio stations is a HUGE bonus - one which I didn't know it could do (does it via streaming).<br /><br />My problem is that I have this setup:<br /><br />Computer requests audio to be played from a Linux computer which uses a M2Tech Hiface to stream digital to my DAC (streamed lossless FLAC).  This then feeds into my preamp, and then amp and speakers.  To access the linux computer that runs the whole show, I have to have her use shell login to my linux host (not easy for most people, and if something goes wrong, she can't fix it).  You can then  from command line play pandora or music.<br /><br />So, those issues being stated, after plenty of research, I chose this.  I can connect this up right into my preamp, and she can use it pretty easily.  The setup was a snap, follow a few instructions, and I'm now linked up with my pandora account (I've got probably 40 stations I've been grooming for years).  Great.<br /><br />I had mistook the &#34;antenna&#34; in the product pictures for a coax hookup for an AM/FM antenna.  In fact this hookup is for the antenna to your wireless router.  Very fortunately, this nice box has the great feature of being able to pickup any radio station that streams their broadcasts (which as it turns out, is almost all of the local stations).  Not only that, but I can get stations that I would otherwise not be able to get at all (since I don't rely on an antenna, just whatever I choose to stream).  how do I get my local stations?  Simple !  you just set your location (enter your city I believe).  And it'll select the right stations for where you are.  It will also allow you to then progress outwards and grab more stations that you wouldn't otherwise be able to get with an antenna of probably any size.  I live in Baltimore, and it allows me to get stations hundreds of miles away!  Very slick!!<br /><br />The one downside to this product is that the built-in amplifier is really pretty poor quality.  However, I didn't buy this for that functionality anyway.  I only ended up using it, as my preamp crapped out, and I'm stuck using the built in amp for the time being.  It's nice that it's available, but don't think that if you have decent speakers, that you'll get very good sound quality.  You're much better off using the 'line out' and putting this into your favorite receiver or preamp, as the built in one just isn't so great, but it's functional.ith an antenna of probably any size.  I live in Baltimore, and it allows me to get stations hundreds of miles away!  Very slick!!<br /><br />The one downside to this product is that the built-in amplifier is really pretty poor quality.  However, I didn't buy this for that functionality anyway.  I only ended up using it, as my preamp crapped out, and I'm stuck using the built in amp for the time being.  It's nice that it's available, but don't think that if you have decent speakers, that you'll get very good sound quality.  You're much better off using the 'line out' and putting this into your favorite receiver or preamp, as the built in one just isn't so great, but it's functional.",2
5,"Awesome earphones! The sound is great and the ear pieces are very comfortable.  I use them at the golf range.  They are lightweight and don't fall out of my ear when I'm in motion.  Best of all, NO TANGLES even after being shoved in and out of my bag.",2
1,"Day 20 November 2014 acquired the JBL portable load Indoor / Outdoor Bluetooth Speaker | Black and hardly used it and 6.16.15 she has stopped working. Just take full charge when left more than 24 hours, yet their working time is no more than 2hs. The few times I used, was always loaded with accessories that accompanied it. I live in Brasilia-DF Brazil, not with the product warranty or aq even there in the USA. She when turned on, provides a noise as if in short circuit and after a while for the noise. only is working connected to the charger.<br /> It is expensive and that left me high and dry.<br /> Disappointed.",0
5,"I'm really not qualified to review headphones, but some members on head-fi gave them really good reviews and so far they're the best I've had or used.<br />They're extremely clear, and while somewhat lacking on bass, you still feel and hear it it's just not overpowering. Listening to these headphones is akin to the experience of eating Dark Chocolate.",2
5,Watched a video on how to install it on YouTube and it was easy,2
1,I was very dissapointed with the quality of the headphones they sound very low the battery dies in less then 2 hours which I find ironic because they are not even loud. The range from your phone to the actual headset is probably only like 2 feet because it disconnects everytime I got my phone in my pocket all around upset about the product especially for this price I could've bought any one of the 30 or 40 dollar headphone and it probably would've been the same or better,0
5,Replaced a Logitech wireless radio with this in my bathroom - sounds so much better!,2
5,Exactly as described. The sleeves have helped to &#34;tidy up&#34; by work space. Thanks!,2
5,Good for the price.,2
4,They work,2
5,"[[VIDEOID:46129030a61a028dbd8e69c13b30606]] Please watch the video for more specifics.<br />I enjoyed using this Bluetooth speaker from TaoTronics.<br />You should wet the suction cup or else it will not stick very, once you do that you should be fine.<br />The audio is very clear the sound is very good overall but the bass may lack a little bit due to the size which is to be expected.<br />I found it interesting the typical double tapping of the phone button is not how you call the last caller, instead you must hold the button down which is different than what I'm used to but something worth noting.<br />It takes approximately two hours to charge after which you can expect 5-6 hours of playback from the 500mAh battery. When the battery is low it will beep to indicate that it's time for it to be recharged<br />The included user manual is very clear and very easy to read.<br />The charging ports is well covered so no issue there with water.<br />As you remember to wet the suction cup it will actually stick but if you do not it will probably only stick for a matter of minutes I found.<br />You can't submerged in water completely obviously but splashes here and there shouldn't be an issue.<br />Review sample provided free or at a discounted price for a fair, unbiased, and honest review.",2
5,"[[VIDEOID:ca7421903fd1ad5c64ae1dc42a160649]] Earbuds have always been an issue for me. Mine is one of those stereotypical stories -- I can't find a pair that fits my ears well. I've tried so many types of earbuds and most of them give my ear canals some sort of fatigue. It's not that they sound bad, just that keeping them in my ears for more than 10 minutes is painful. The only ones I could tolerate were the Apple EarPods, and I have a love/hate relationship with them. Sure, they sit nicely in my ears, but them being fully open means I lose my music to the crickets of night and pelicans of day. Well, no more! I found the Flare R2A in-ear monitors, and seems my fear of earbuds is over.<br /><br />Disclaimer: This product was provided at a discounted price in exchange for an honest review.<br /><br />The R2s began their life on Kickstarter with a campaign that raised over $170,000. That's quite a lot for IEMs, which are a rather niche market. Flare is a British company that strives for excellence in sound, and hopes that the world can join them in this pursuit. Before the R2s, the company made loudspeakers, so in-ears is a bit of a different industry. I think they did a fine job of things.<br /><br />I listen to a lot of different genres of music, but mostly folk and dream pop lately. To test out the R2s, I listened to hip-hop, jazz, EDM, instrumental guitar and piano, rock, classical, and of course the aforementioned folk. They performed consistently well in every genre. They also look great.<br /><br />First, of course, the sound. These IEMs aren't active noise canceling or anything fancy, which is good because noise canceling often diminishes the sound quality. The R2s are still great for keeping outside noises to a minimum. They use the same plushy foam tips as earplugs, which makes for a comfortable and quiet listening environment. I tried them at work, in the bus, walking down a busy road, and even in a studio while recording. There's absolutely no sound leakage at all, which is great for quiet environments, and none of the quality seems to be lost when the environment is noisy.<br /><br />People sometimes rant about flat response and how it's better than everything else. Those people might be troubled by the R2s. They're warmer than most earbuds, but don't have muddy bass. The main issue with earbuds is always treble: there's way too much of it everywhere. Then Skullcandy wanted to have fun so they started adding a bunch of bass to the mix. Everything above 80Hz seemed to have been lost. The R2s have none of those problems -- highs are crisp, mids cut through well, and the lows of course deliver the much-needed punch, rather than a drone. The responsiveness of everything is very tight.<br /><br />As I said before, everything I listened to with these IEMs sounded wonderful. They revealed details in songs that I didn't know were there, while also being comfortable, affordable, and easy to use. The highs were not overbearing, but pronounced; the high-mids don't clutter the highs at all; the low-mids keep all the bass lines in check; and the lows make sure you remember that the bass drum exists without making you forget about the guitars in the mid-range. That's a great achievement. I really love the way these sound. Everything is balanced. Overall, it's a bit warm, but I would much rather it be warm than sound like tinny old Apple earbuds from the early 2000s, with their mesh and bass-less muddle.<br /><br />On to the design. These things are beautifully minimal, but aren't trying to be artistic, which is nice for a change. The earbuds themselves are black (or whatever color you chose), and the tips and cable match that. There's also a rectangular machined aluminum box that splits the stereo signal for the left and right channels. It doesn't need to be as big as it is, but it does add some pizzazz to things. Lastly, there's the 3.5mm connector, which on mine is black with two gold stripes running through it.<br /><br />I love the design, but there's one ergonomic inconsistency: The aluminum box. It looks cool, and I can see why the designer would have put it there. However, if you want to use these as a versatile pair of IEMs, you may walk with them once in a while, or just move around a bit. The latter is inevitable, and when you do choose to move around you'll hear some strange thudding sounds. That's the box attempting to defy gravity. Every time I hear this I tell myself it's cool to look at, but doesn't need to be so heavy and certainly doesn't add any special functionality. The heaviness, I suppose, adds value to the IEMs. I would just prefer it wasn't here, especially when I'm using these to perform.<br /><br />While these are \\""reference\\"" series -- at least according to the marketing by Flare -- I don't recommend using them for referencing. The R2s don't produce a completely flat sound like Sonys do. They're amazing for listening to, but not necessarily for studio work. I tried mixing a few song using them just for fun, and I noticed that most of my mixes tended to lose the low-mid range on other speakers and headphones simply because the R2s are warm. This characteristic is great when listening to music, but not for mixing/producing it.<br /><br />If you're a musician, you'll find that these are great for monitoring (and thus they are named in-ear monitors). I used them to monitor my vocals and piano while recording an entire song and they worked great. The warmth helps make things less straining on the ears, and there's not so much bass that I get a headache using them after a while. I also used these to monitor my synth and the rest of the band while playing live, and the foam tips isolated the sound very well.<br /><br />It's worth noting that since these are in-ear monitors, there is no microphone. The aluminum block in the middle of the cable just acts as a splitter -- there's no hidden microphone. At first this bugged me, because I would receive a call and forget I couldn't use these headphones to talk. After a while, I just accepted it. There's no reason for IEMs to have a microphone since there's no way for you to use it as a talkback to your band or anything. It also goes against the way that Flare built these, which is to solely focus on recreating sound accurately, not adding more sound. Bottom line: A microphone would have been useful, but there isn't one, and that shouldn't be a deal breaker.<br /><br />Here's the verdict: The R2s made me like earbuds again. I was considering the Shure SE215s, but these reign superior. Once they're in my ears, I don't feel like I need to take them out. They feel at home. Even Apple's EarPods, which \\""sit\\"" in my ears nicely, don't make me forget that I'm listening to music through small pieces of plastic in my ears. The R2s do, and they don't look ridiculous like some earbuds. My friend even told me he didn't notice I was wearing them because they're so small. That's awesome.e the design, but there's one ergonomic inconsistency: The aluminum box. It looks cool, and I can see why the designer would have put it there. However, if you want to use these as a versatile pair of IEMs, you may walk with them once in a while, or just move around a bit. The latter is inevitable, and when you do choose to move around you'll hear some strange thudding sounds. That's the box attempting to defy gravity. Every time I hear this I tell myself it's cool to look at, but doesn't need to be so heavy and certainly doesn't add any special functionality. The heaviness, I suppose, adds value to the IEMs. I would just prefer it wasn't here, especially when I'm using these to perform.<br /><br />While these are \\""reference\\"" series -- at least according to the marketing by Flare -- I don't recommend using them for referencing. The R2s don't produce a completely flat sound like Sonys do. They're amazing for listening to, but not necessarily for studio work. I tried mixing a few song using them just for fun, and I noticed that most of my mixes tended to lose the low-mid range on other speakers and headphones simply because the R2s are warm. This characteristic is great when listening to music, but not for mixing/producing it.<br /><br />If you're a musician, you'll find that these are great for monitoring (and thus they are named in-ear monitors). I used them to monitor my vocals and piano while recording an entire song and they worked great. The warmth helps make things less straining on the ears, and there's not so much bass that I get a headache using them after a while. I also used these to monitor my synth and the rest of the band while playing live, and the foam tips isolated the sound very well.<br /><br />It's worth noting that since these are in-ear monitors, there is no microphone. The aluminum block in the middle of the cable just acts as a splitter -- there's no hidden microphone. At first this bugged me, because I would receive a call and forget I couldn't use these headphones to talk. After a while, I just accepted it. There's no reason for IEMs to have a microphone since there's no way for you to use it as a talkback to your band or anything. It also goes against the way that Flare built these, which is to solely focus on recreating sound accurately, not adding more sound. Bottom line: A microphone would have been useful, but there isn't one, and that shouldn't be a deal breaker.<br /><br />Here's the verdict: The R2s made me like earbuds again. I was considering the Shure SE215s, but these reign superior. Once they're in my ears, I don't feel like I need to take them out. They feel at home. Even Apple's EarPods, which \\""sit\\"" in my ears nicely, don't make me forget that I'm listening to music through small pieces of plastic in my ears. The R2s do, and they don't look ridiculous like some earbuds. My friend even told me he didn't notice I was wearing them because they're so small. That's awesome.",2
4,"Nice sound for what it is â€“ a small Bluetooth speaker.  Syncs easily with my iPad.  Good clear sound, decent bass.  Sounds great on talk radio stations.  Nice little unit for the price.",2
5,Battery is much improved from earlier models.,2
5,Excellent!!,2
5,Hold TV very secure.,2
1,now they tell me you can't split optical audio,0
1,"Sorry, this cable worked for about a week then broke. I had ordered others before and same result. My fault for thinking things would change. Thought I had gotten a bad set, but that is the rule...not the exception. I'll try the more expensives ones from Bose.",0
5,"The sound quality is unbeatable.  I can't handle turning the volume as high as it can go, it is really a great system for any size room",2
5,Really cool design and it goes up really easy.  The amount of adjustment is really nice as well.  It's been up for almost two months with our 55 inch TV and hasn't moved as all unless I'm the one to move it.,2
1,"I ordered one, Loved it.  So I  gave the first one to my husband who was traveling for a month and ordered another for myself......wouldn't turn on after charging.  Returned for another one...same problem.  GRRRRRR!",0
4,Works great!,2
4,I purchased the OUS00-0563 Super Thin Indoor HDTV and took it to Barbados where after installing it(simply tape to concrete block wall) I was pleasantly surprised by the difference in reception of the TV. I highly recommend this product.,2
5,The only batteries I buy for my DSLR Cameras.,2
5,Loved it,2
1,I was unable to use them because they hurt my ears I used them for a total 30 min. and my ears felt like they were bruised.,0
4,Product arrived in good packaging and worked well.,2
5,"The Speaker worked great.  After about 5 months of periodic use, it would not power on.  Omaker sent me a new speaker free of charge.",2
4,"First off, I bought this product on sale for $25 off of Amazon. What a great deal, this bluetooth speaker is LOUD! It's got fair bass levels for the size and price point. Both front and back of the device emit sound, though front is louder. I think this gives it better quality and more range. I use this out by the pool and plan on using for fishing trips and tailgates. The only reason i did not give it 5 stars, when pressing the volume +/- the music stops for a &#34;boop&#34; noise. Also, when powering on, changing modes, or pairing a device, the speaker plays a womens voice that sounds almost comical. It's a little goofy, but at this price point who cares. This speaker is comparable to high end units of the same size, with just slightly less bass.<br /><br />Thanks Amazon!",2
5,Very good speaker,2
5,Just bought my second and third one of these.  The first one backs up a desktop computer and monitor and easily runs it for 15 minutes after a power outage.  The new ones are to power my cable box (Comcast) because even the briefest flicker of power and the box goes through the whole five minutes restart procedure.  The other one is just for the modem/router/VOIP/NAT devices.  We don't lose power very often or for very long periods of time but keeping all those devices from resetting and rebooting is worth the price of these inexpensive UPS devices (paid $45 each).  Batteries are easily replaceable and about $17 each for the generic brand.,2
5,"Wonderful wonderful product, don't think it could be improved I used for motorcycle trip long continuous wear 14hr days cross country in comfort no wind noise and better than a pair of custom made ear gear I had with for comparison.",2
1,"The turntable do not work correctly.  It was dragging!  Otherwise, the sound and other features worked well!!",0
5,LOVE IT !!!!<br />WILL PURCHASE MORE IN THE FUTURE  ; ),2
5,"Exactly what I was looking for - an inexpensive, light set of phones for listening to Pandora on iPad",2
5,Awesome product. Super fast delivery.,2
4,The rather small but I guess if I read the description better I would've noticed that.,2
5,"It works! I got a muscle cramp, rub it on the area nd the pain was gone within a minute.",2
5,"I use this all the time now.  Works great, battery lasts a long time, great sound.",2
5,Does the job!,2
5,As Advertised,2
4,"I really enjoy the the skip and pause functions. Only things I would change is being able to adjust the volume on the speaker itself, and for it to have a better stick, had trouble getting it on the shower. But it was loud enough and easy to use. So ultimately happy with it.",2
5,Great product.,2
5,great item,2
1,"Bought Dec 6, 2014 and worked great until today... Now, the charger no longer charges and will not power the unit with the battery slide switch in OFF position. Checked the charger with a Volt Meter to be at 12.5 Vdc even with a 10 Ohm power resistor connected to it. Which means that the problem is in the Max A34. Not very easy to take apart as everything is glued with a soft glue gun. Now it is an expensive paper weight. Doubt 1 year warranty is worth anything, but will look into it. Cannot recommend this product based on this experience.",0
2,Too expensive & reception is not great. A $10 antenna does the same job.,0
1,"I bought this 10 days ago. It was relatively easy to hook up. The auto-calibration took a few tries to get right, but I was pleased with the outcome. The sound was fantastic and really enhanced the viewing experience of my new Sony 4k 70&#34; television.<br /><br />Today it died. I was watching Band of Brothers, and halfway through episode 3 the sound just died. I did my own troubleshooting (I have an advanced degree in electrical engineering) and then called Sony support. They ran me through a few steps, and then escalated me to another department. After being on hold for 40 minutes, the line kicked off and said that the office I was trying to reach was closed for the day.<br /><br />So I am now 10 days into a three thousand dollar investment with Sony, and I am watching a football game with no sound while I type this.<br /><br />My receiver was a poor product. And the support line was awful.<br /><br />I am not happy.",0
3,"These do not hold as long of a charge as the green-capped compeditors, even though the MW/hr is advertised to be higher.  However these do work as batteries and will hold a 'decent' charge, however the charge is shorter lived than other batteries of the same type I have tried.  I do use these often.  Also these did fry one of my USB ports, so use ONLY in outlet-usb ports.",1
5,"A nice aid to fast-tuning the MP1 80, 60 & 40-10m coils.",2
4,Good sound... stays in place when running,2
5,I am loving the product! Comfortable fit. Good sound.,2
5,These headphones are amazing!  The clarity is unreal.  I would highly recommend purchasing a pair!,2
5,Perfect fit. efficient.,2
5,great,2
1,Ordered to hookup a backup camera. This thing has different connectors on each end. I had one end hook up OK but had to find and RCA male to male adapter to make the other end right. I am not sure why they thought it was OK with differences from one end to the other.,0
5,Use this everyday at work..  Great noise cancellation.  Wonderful product.,2
5,great quality for the price,2
1,"Comfortable, but terrible sound. Very tinny, with no bass at all.  I would return them and ask for my money back if I could.",0
5,"Great product, sturdy, works like a breeze and came very handy for my rack (attached picture). The two front receptacles are great when you work with a laptop in front of the rack and need to charge it, including your cell phone. I chose this version with and Amp meter, even though it still shows zero dot zero, but that's because I ended up plugging in very light applications like cable modem, IR repeater, USB fan, etc. Otherwise, if you plug in a hair dryer for testing purposes, you will start seeing the amps come up. So it does work, and very well. It is only a few inches deep. Few tips: always leave some space above or below the unit, so that if you plug in AC/DC adapters (those that come with small routers and modems), you will have enough clearance to plug the adapters in the back. Otherwise you can always buy those very short NEMA extensions to clear the path (http://www.amazon.com/C2G-Cables-03114-Outlet-Extension/dp/B0002J1KRQ/ref=sr_1_4?ie=UTF8&qid=1440983975&sr=8-4&keywords=nema+extension). On the negative side, I wish it had come with an ON/OFF switch in the front...",2
5,For a speaker its size the sound and volume are great. I would recommend this little speaker,2
5,You won't be disappointed. The only draw back is that you can't change out batteries,2
2,I was not too that I needed another part to make it work on my new Bose radio not happy with the lack of information,0
5,As described. Just what I wanted,2
5,"Great sound quality for the price, LOVE the matte finish and no logo. Great business model and exceptional customer service.",2
5,work great at the right bprice,2
1,"Trash, returned mine after 2 days. The pads are hard and very uncomfortable. It is completely plastic  and feels like it is  about to break. DONT BUY",0
1,"This had pretty good sound, but would not fit on my bike.  It requires you to have handlebars that are straight for at least the length of the speaker.  I didn't want to bend the cheap-looking clips too much, either.  However, the reason that I returned it was because it refused to charge out of the box.  Plugged in, it sounded rather nice, but that's kind of pointless for a bike speaker.",0
5,Work great with my Jaybird headphones,2
5,Great product.,2
4,Works fine for my application. Range is not the best but fine for my use,2
4,this fits exactly i expectede.,2
5,I like it,2
1,"I bought this as a replacement for my Verizon FIOS backup battery. The original battery lasted over three years... this one lasted 8 months. The &#34;Designed for long life: 6 - 8 years&#34; statement is a joke.<br /><br />I finally contacted the company after a week of trying (even after a year, their website listed on the battery is not working) and they offered me a replacement, however I had to ship the battery back to them first at my expense. To pay $20 to return a $23 battery for replacement is ridiculous, so their &#34;3-year replacement warranty&#34; is absolutely worthless.",0
5,"great for iPhone cable, earbuds and plug.",2
3,"I bought this to replace a lost neoprene case for my QC20i earbuds. This case is just ok.<br /><br />It seems very cheaply made and it's kind of hard to use because the zipper is a little stiff. If it was more expensive, I would have returned it but there's really no point (I'd get a buck or two back after return shipping).",1
1,"This player is an absolute fraud. the system is horrible to use you cant play playlists. its just a cheap knockoff, I hope apple sues them. I want my money back...",0
5,Installed and I was able to pull up all the public channels. To determine what this antenna will pickup you will need to plug your zipcode into the following site that will list available public TV channels: http://antennaweb.org/  The site takes into account terrain.,2
5,This product worked just as advertised.,2
4,Work good but could be better. Clear sound.,2
2,"I bought one of these radios from BiMart about 4 years ago without listening to it (the selection was very limited and I was in a big rush). I would not buy it again. The sound is tinny, it has no automatic shutoff (a must for me), and the station tuning knob makes a huge change with only the slightest turn of the knob; that shortcoming drives me nuts. I use it only on camping and hunting trips to receive the Weather Service weather reports and as a backup for my Sangean AM/FM portable radio (love that one). I never could get it to work with the hand crank; maybe I am not doing something right. I have several other Midland products (CB, FRS, GMRS radios) and they are all pretty good but Midland fumbled the ball with this one.",0
5,"Fast shipment, easy to install - no issues so far.",2
5,I put these in some VoIP/SIP Cordless Phones (Yealink). They really do hold their charge well.,2
5,"Such a great option to extend those HDMI cords, instead of buying a super expensive longer cord. I connected 2 ten feet HDMI cords with one of these and i have not noticed any reduction in quality. This has allowed me to connect my PC and TV that is up on the wall.",2
5,Excellent for my child's dorm room,2
5,Good unit...sturdy...easy to mount and at a value price.  What more could you ask for?  I recommend.,2
5,I like this device.  The sound is clear and it carries well.  It is so convenient to carry only this speaker.  I can use it through wi-fi or I can plug it in to my laptop and play my playlist.  It has a rechargeable battery and lets you know when the battery is low so you can plug it in and charge it. I am pleased with this purchase.,2
3,"I have ordered 3 packages of these over the past few weeks and all of them have been different sizes. The first 100 fit perfectly with about 1/4&#34; overhang at the top, I like that compared to the other sleeves that usually hang 1/2&#34;-3/4&#34; over the top of the record. The second 100 I received were cut incorrectly and I couldn't even get the record inside of them. I sent those back and re-ordered, when the 3rd shipment arrived they fit perfectly but some of them are cut too short and don't even reach the top of the record.<br /><br />This would be a great product if the company had better quality control standards, as is I won't be using these in the future.",1
2,Only lasted a few months then blew out.,0
5,"Quickly located the signal and connected.  Very surprised with the sound from such a small speaker.  It's strength is in it's size - easy to move around.  Redefines portable music.  Perfect for the deck, patio and pool.",2
1,"this is worst, I test it when i got it since it arrived very very late..I charge it up within the 4 hours of charge time and tested it, it ok and then the next day it just malfunction/stop working till now..so this is just a garbage..",0
5,Have a Panasonic plasma with side inputs and this helped hide the cable perfectly. Nice tight fit in connector as well.,2
5,Love it,2
2,"When I bought this speaker, I had one request.... I want to be able to wake up to the music of the Harry Potter Intro in mp3 with a soft wake up (volume gradually going up (which I emulated in audacity)).... Which I recommend to anyone with a relative light sleep, it really is magical.<br /><br />Anyway...the mp3 alarm is not reliable... worked fine for 3 days then doesn't start<br />I don't know if it's related to the way you previously stopped the music....unclear....<br />The screen is also way too bright (and quite small) to be used as a clock in a dark room (I put papers on top to soften it a little bit)<br /><br />I tried all buttons and buttons combinations to fix my alarm problem and nothing worked....<br />only unplug, turning off, turning back on fixed it....for one day....",0
5,"When I see another component stacked on top of an amplifier, I ask myself - Do you not realize by blocking air movement, you are causing any amplifier to get many times hotter than it should. Effectively reducing it's lifespan considerably!",2
5,Good sound quality.,2
5,This thing kicks buttttt!,2
1,Fell apart,0
5,My wife loves her new head phones.,2
1,I've tried 2 of these and both screens failed in a year.,0
5,better than expected,2
5,good product good seller,2
4,"after a lightening strike wiped out my old receiver along with my music streaming devices (Grace and Roku) I was looking for an all in one 2 channel receiver that would stream internet radio, play Pandora type services and stream from my 400GB music database.  After researching on line, I bought this unit.<br /><br />It arrived today.  Set up was easy. It took longer un untangle the rats nest of old wires than to set up the new unit.  I connected my wired network and started to play around.  The sound quality is excellent!  The choices of inputs are excellent as well.  The one great shortcoming is the display panel.  I cannot understand why Yamaha would put 1980's technology into this otherwise modern, high quality system.  It has a one line 13 character dot matrix display for alpha numeric messages, such as track name, station id etc.  beyond me why they cut this corner.<br /><br />What saves the day is the app.  Yamaha NP Controller allows you to pretty much do everything from your android or iOS device.  The app is smooth, fast and intuitive.  Ps: do not download the Yamaha AV Controller App as it does not apply to this unit.",2
5,"Easy to use, good sound, great battery life, very portable, exceptional value.",2
2,I can't get it to work!,0
1,Product was defective but the customer service was fantastic..,0
5,Good quality Good Price!,2
4,just what I needed only used one but do have more things to use on,2
4,"Fairly sturdy, all metal construction, it did come with wall anchors, screws & straps to secure it upright if you need to do so. No missing parts, and the fit & finish are very good. Instructions are very basic, but it's easy tool free assembly means a 1 sheet instruction page is fine.<br /><br />As the shelves are adjustable to wherever you want them to go, you may have extra shelves leftover depending on how and where you place them on the poles.  As I migrate my DVD collection to Blu-Ray, I'll shrink the space between shelves and add the extras later.<br /><br />Overall, very pleased with this product at this price point.",2
4,If there rca speakers don't buy!  I'm not huge on fashion so my vizio sound bar rear speakers just got tie wrapped to the back of the pole and clipped pole is solo small it will fit speaker wire only! And probably small gauge only,2
2,"I appreciate my speaker, it's loud and clear",0
5,Great product to save money!  Product as described!  Fast delivery!,2
5,It's only been in use for a few weeks but so far it works fine. It was well priced and arrived promptly.,2
2,wasnt as loud as expected,0
3,"Product is just okay! Volume level is not very good, I am used to going louder. Charge only lasts for maybe 2.5 hours of continuous use. This is my first pair of bluetooth earbuds. I feel gullible because I was going to purchase a pair for around 20$ and I thought the price point was too low so instead I purchased these. I think maybe for a tryout pair I could have gone with the 20$ pair.",1
5,No problems with using for its intended use.,2
4,Worked great at the cabin,2
5,"Great batteries,  highly recommend them.",2
2,Looking to replace my iPod before it completely dies. I could not deal with the UI so I returned it. meant to by the newer version of this device but I am certain that was my fault.,0
4,"While cord was shorter than I would have liked (3 ft.), The product shipped quickly for coming from China and works fine.",2
3,"I really like these headphones. Great excess noise canceling. comfortable to wear 5+hrs/day. Microphone works good.<br />I only rated 3 stars because the microphone just stopped working. Ive used this 15 months with no problem.<br />No accidents, no visible reason for it to stop working. Im really bummed. only recommend buying if you are fine with fact that<br />it may only last 1 yr or so.",1
5,Great charger.,2
2,"Did not work as expected, However this might be an issue with my application and not the part itself.",0
5,Good Quality. Good Price.,2
5,"It worked perfectly for my Samsung 46&#34;. It's affordable (I paid $15.66), has a great quality and it's easy to install! I'd recommend it.",2
5,"Awesome speaker! I take it everywhere. Charge really lasts. Sound is great. Range is fantastic. If you're in the market, get this one.",2
5,Fine item.  Best reception I've had since DTV became a reality several years ago.  Picked up more channels that previous antennas.,2
5,exactly as promised.,2
4,Nice design and works well in tandem with the bought ear phone.,2
5,1.The exact colour as the picture.<br />2. Easy to set up especially for a beginner.<br />3.I like the fact that I can also use an aux cord for songs I don't have on vinyl.,2
5,"Best table radio ever, better than my Bose.",2
3,"these have good bass, but at the same time, even as a basshead I found these to be a bit boomy, they almost have nothing but bass. I did however get them to sound great with the use of the PowerAmp App on my phone, but for the most part, it is honest difficult to find a good spot with the equalizer and if using it with a device that has no PowerAmp app, it will continue to sound boomy. the highs and upper mids are much quieter in comparison. the ear hooks in my opinion are uncomfortable. I really wanted to like these headphones, but they were just too &#34;high Maintenance&#34;. I felt like I was working too hard to be happy with them, I want something that sounds and works good out of the box. the customer buys and uses, they don't work to make the product meet their expectations. for these reasons I decided to return and Went with the Jaybirds Bluebuds x. They are more Portable, come with a hardshell case in comparison to the cheap mesh bag included with the photives, feature better battery life, sound better, and are far more comfortable. For me, it was worth it to pay the extra money, I hope they are durable enough to hold up, but only time will tell.",1
3,gets every hot,1
3,"Installation is doable and the cartridge and needle work. Four cables attach to it from the shell, and it took some persuasion to push them on.<br /><br />Needle seems to have a slight angle (to the side, not the needle in the groove), but does play without ruing the LP.",1
3,"Well, I purchased this MasioneÂ® Surge Protector Strip 2500W 6 Outlet Black Power Socket With Lightningproof last week and since it arrived, it has changed names and has changed the description now not mentioning surge protection. I'm not sure if my computer and $200 router are safe with this outlet strip. It provides power and is compact. I chose it for its straight plug which was needed to go into a recessed floor outlet but wanted something that had surge protection because of its use under my desk.",1
4,Gave to husband and he likes them.,2
5,Great quality of the product and service.,2
5,"I was so happy to get this little case, we have a DVD player in the car and I'm tired of having an endless array of Disney & Dreamworks DVD cases stuffed into my console.  Quality is good, the plastic sleeves seem like they will hold up.  The case is more rigid so it offers protection for your very valuable collection of the Planes series DVD's.",2
5,Great product at a fair price. It was easy to install and has worked out just fine. I would recommend this product to another customer,2
3,didn't really help with cable clutter,1
1,Bearly open up the package and only 1 headphone works great.,0
5,As I expected,2
5,Changed my life.,2
5,"Very good built quality. I use this screen with a pocket sized projector and everyone is impressed with the utility value and the set up. The screen is perfect for a meeting where it is not possible to use a large screen. This screen fits inside my large suitcase and set ups in a snap. My colleagues were so impressed, they ordered it as well after seeing it.",2
5,Cord tooooo long and plus not cl,2
3,I bought these as a gift so I never wore them but they looked a little flimsy to me. I would not personally buy them for myself.,1
5,great product for the price.  TV works great and the picture quality is really nice and clear.,2
5,Nice player. A little difficult to learn how to power off but getting better at it.,2
5,Use these in my RV on windows and doors for a bit of added security.  Stay put and do the job. Great Seller!,2
5,works great,2
5,"I usually love cranking up the bass in my car stereo once i get a new car. After receiving a free trial of the TACO speaker well i don't have to crank it up lol, the bass sounds amazing. Every song with lots of bass i can think of sounds amazing through these red speakers.",2
4,This product works well. My only complaint is that the plug-in cord is a little short to use on my bedroom TV. I ended up hooking it up in my son's room. It was able to give it just enough boost he no longer has to move the antenna around to get the channel he wants. Installation is super simple. Basically it's a plug and play. Or better yet a plug and watch.<br />I received this product at a discount in exchange for my honest review.,2
5,"Works great. Had it quite some time, use it every week. Wish it had the functionality of the older one.. but what can you do when Sansa doesn't make it that way. Thanks!",2
5,So far so good.  Will update if anything changes.,2
5,Use along with the colored ones I also ordered.,2
5,Quality construction.  Small but heavy construction.  Works very well with my record player.,2
5,Love the fact they are only three feet!  Does not take up so much room behind TV,2
3,Ok storage,1
5,fit perfectly,2
5,Was exactly what I needed,2
4,performed as expected,2
5,"Easy set up! Us it on long rides while training on road bikes. Only had a short time, but happy with purchase so far1",2
5,Good product,2
5,Best headphones I've ever had for this price.,2
1,USELESS AND BROKEN...Didn't even get to use it once.  Just utter poo quality.,0
5,I love these headphones...they are alot better than skullcandy,2
3,"I bought these for my boyfriend, and they work for him because his ears are much bigger so the loop fits, although the sound quality is still just mediocre.",1
5,Great HDMI cable with signal amplifier built in. Make sure you run the cable the correct way as it is directional. I have used this at multiple locations.,2
4,Gave as gift to my son.  He liked all the fuctnions.,2
4,"A little loose on me and they're not adjustable, but decent sound quality. Be careful of the headphone jack as it seems to bend easily.",2
4,I am extremely satisfied at the quality of these especially for the money. I was in need of longer headphone extension cables and these have not disappointed.,2
5,"Great speaker, especially for the price.  Use it as an alternative to a computer monitor speaker.  Keep it plugged into the monitor & computer, has great sound and I can take it with me whenever I want to.  Great buy",2
4,I bought this adapter to stream my music from my Samsung Note Edge smart phone to my Nissan Murano 2014. My 2014 Murano doesn't come with streaming music so I had to figure out a way to listen to my music on my smart phone.<br /><br />My car does come with a DVD audio-visual' adaptor so I was able to use the Monster MusicConnect Portable Audio Player to connect my phone to my car and it works awesome.,2
5,I have 2 different things set up on here and it switches according to what is turned on.  No problems at all.,2
2,POE didn't run through it. I had to shorten it up 25 feet for it to work. The pairs are hardly twisted. In the end it worked for what I intended but it wasn't worth my time cutting and recrimping an end on it.,0
4,Great. I like the triple flange ones even better.,2
5,Fits and functions perfectly for my printer. Not much else to say.,2
2,Ok but wouldn't buy another pair. Maybe a different model. I had a different model of Bob Marley headphones and absolutely loved them. I thought I would get the same out of these that a got out of my last pair but was disappointed,0
